index,scene_name,distortion_type,distortion_level,dist_vid_path,ref_vid_path,jod_gt,raw_q,default_jod,eval_time_sec
0,attic,dlss_rr,level1,attic_dlss_rr_level1.mp4,attic_reference.mp4,8.159097671508789,82.39897155761719,7.337889671325684,19.854
1,attic,dlss_rr,level2,attic_dlss_rr_level2.mp4,attic_reference.mp4,7.510512828826904,113.92174530029297,6.40174674987793,19.497
2,attic,judder,level0,attic_judder_level0.mp4,attic_reference.mp4,9.122815132141113,24.044652938842773,9.1534423828125,19.467
3,attic,judder,level1,attic_judder_level1.mp4,attic_reference.mp4,9.411639213562012,33.986854553222656,8.831954956054688,19.489
4,attic,judder,level2,attic_judder_level2.mp4,attic_reference.mp4,9.22317123413086,65.16171264648438,7.860013961791992,19.469
5,attic,motion_noise,level0,attic_motion_noise_level0.mp4,attic_reference.mp4,9.699707984924316,1.4977532625198364,9.935994148254395,19.501
6,attic,motion_noise,level1,attic_motion_noise_level1.mp4,attic_reference.mp4,9.202486991882324,2.4509170055389404,9.898799896240234,19.501
7,attic,motion_noise,level2,attic_motion_noise_level2.mp4,attic_reference.mp4,9.081196784973145,4.9593987464904785,9.805051803588867,19.489
8,attic,motion_resolution,level0,attic_motion_resolution_level0.mp4,attic_reference.mp4,8.731202125549316,33.30409240722656,8.853797912597656,19.734
9,attic,motion_resolution,level1,attic_motion_resolution_level1.mp4,attic_reference.mp4,7.781698703765869,58.355995178222656,8.068709373474121,19.513
10,attic,motion_resolution,level2,attic_motion_resolution_level2.mp4,attic_reference.mp4,7.97826623916626,86.89232635498047,7.203104496002197,19.479
11,attic,noise_colors,level0,attic_noise_colors_level0.mp4,attic_reference.mp4,9.005499839782715,1.3654263019561768,9.94127082824707,19.486
12,attic,noise_colors,level1,attic_noise_colors_level1.mp4,attic_reference.mp4,8.842918395996094,5.392059803009033,9.789278984069824,19.49
13,attic,noise_colors,level2,attic_noise_colors_level2.mp4,attic_reference.mp4,7.414612770080566,26.794788360595703,9.063719749450684,19.555
14,attic,dlss_rr,level0,attic_dlss_rr_level0.mp4,attic_reference.mp4,8.505110740661621,64.38156127929688,7.883856773376465,19.526
15,attic,restir,level0,attic_restir_level0.mp4,attic_reference.mp4,7.629770755767822,23.067638397216797,9.18548583984375,19.468
16,attic,restir,level1,attic_restir_level1.mp4,attic_reference.mp4,6.5958380699157715,33.73411178588867,8.84003734588623,19.523
17,attic,restir,level2,attic_restir_level2.mp4,attic_reference.mp4,6.365450859069824,44.428714752197266,8.501380920410156,19.48
18,attic,stutter,level0,attic_stutter_level0.mp4,attic_reference.mp4,9.09058952331543,18.747066497802734,9.32839298248291,19.5
19,attic,stutter,level1,attic_stutter_level1.mp4,attic_reference.mp4,9.100244522094727,35.79262924194336,8.774332046508789,19.543
20,attic,stutter,level2,attic_stutter_level2.mp4,attic_reference.mp4,8.787334442138672,76.3929672241211,7.518857002258301,19.493
21,attic,temporal-resolution-multiplexing,level0,attic_temporal-resolution-multiplexing_level0.mp4,attic_reference.mp4,8.962003707885742,13.78592586517334,9.495413780212402,19.494
22,attic,temporal-resolution-multiplexing,level1,attic_temporal-resolution-multiplexing_level1.mp4,attic_reference.mp4,8.175373077392578,18.568269729614258,9.334352493286133,19.482
23,attic,temporal-resolution-multiplexing,level2,attic_temporal-resolution-multiplexing_level2.mp4,attic_reference.mp4,7.034489154815674,32.58738708496094,8.87675952911377,19.532
24,bistro_exterior,dlss_rr,level1,bistro_exterior_dlss_rr_level1.mp4,bistro_exterior_reference.mp4,9.130903244018555,56.794166564941406,8.116835594177246,19.507
25,bistro_exterior,dlss_rr,level2,bistro_exterior_dlss_rr_level2.mp4,bistro_exterior_reference.mp4,8.582805633544922,84.46907806396484,7.275731086730957,20.114
26,bistro_exterior,judder,level0,bistro_exterior_judder_level0.mp4,bistro_exterior_reference.mp4,9.49660873413086,14.487726211547852,9.471561431884766,19.537
27,bistro_exterior,judder,level1,bistro_exterior_judder_level1.mp4,bistro_exterior_reference.mp4,9.701001167297363,18.14193344116211,9.348581314086914,19.511
28,bistro_exterior,judder,level2,bistro_exterior_judder_level2.mp4,bistro_exterior_reference.mp4,9.641138076782227,49.23015594482422,8.351275444030762,19.464
29,bistro_exterior,motion_noise,level0,bistro_exterior_motion_noise_level0.mp4,bistro_exterior_reference.mp4,9.889569282531738,1.8807730674743652,9.920892715454102,19.502
30,bistro_exterior,motion_noise,level1,bistro_exterior_motion_noise_level1.mp4,bistro_exterior_reference.mp4,9.926986694335938,4.057507514953613,9.83825397491455,19.469
31,bistro_exterior,motion_noise,level2,bistro_exterior_motion_noise_level2.mp4,bistro_exterior_reference.mp4,9.793267250061035,7.4609575271606445,9.714961051940918,19.488
32,bistro_exterior,motion_resolution,level0,bistro_exterior_motion_resolution_level0.mp4,bistro_exterior_reference.mp4,9.431519508361816,27.260608673095703,9.048587799072266,19.476
33,bistro_exterior,motion_resolution,level1,bistro_exterior_motion_resolution_level1.mp4,bistro_exterior_reference.mp4,8.727330207824707,52.58274841308594,8.247076034545898,19.467
34,bistro_exterior,motion_resolution,level2,bistro_exterior_motion_resolution_level2.mp4,bistro_exterior_reference.mp4,7.532989025115967,85.48320007324219,7.245319843292236,19.501
35,bistro_exterior,noise_colors,level0,bistro_exterior_noise_colors_level0.mp4,bistro_exterior_reference.mp4,10.040538787841797,2.039839506149292,9.914687156677246,19.449
36,bistro_exterior,noise_colors,level1,bistro_exterior_noise_colors_level1.mp4,bistro_exterior_reference.mp4,9.73421859741211,7.8494768142700195,9.701178550720215,19.493
37,bistro_exterior,noise_colors,level2,bistro_exterior_noise_colors_level2.mp4,bistro_exterior_reference.mp4,8.122572898864746,33.52521896362305,8.846720695495605,19.488
38,bistro_exterior,dlss_rr,level0,bistro_exterior_dlss_rr_level0.mp4,bistro_exterior_reference.mp4,9.010008811950684,40.382774353027344,8.628746032714844,19.505
39,bistro_exterior,restir,level0,bistro_exterior_restir_level0.mp4,bistro_exterior_reference.mp4,9.094021797180176,6.679562568664551,9.74283504486084,19.468
40,bistro_exterior,restir,level1,bistro_exterior_restir_level1.mp4,bistro_exterior_reference.mp4,9.075331687927246,12.1443510055542,9.551547050476074,19.471
41,bistro_exterior,restir,level2,bistro_exterior_restir_level2.mp4,bistro_exterior_reference.mp4,7.921879291534424,22.138530731201172,9.216046333312988,19.471
42,bistro_exterior,stutter,level0,bistro_exterior_stutter_level0.mp4,bistro_exterior_reference.mp4,9.98489761352539,7.205872535705566,9.724037170410156,19.484
43,bistro_exterior,stutter,level1,bistro_exterior_stutter_level1.mp4,bistro_exterior_reference.mp4,9.68627643585205,18.54311180114746,9.33519172668457,19.481
44,bistro_exterior,stutter,level2,bistro_exterior_stutter_level2.mp4,bistro_exterior_reference.mp4,8.898214340209961,61.08696746826172,7.984770774841309,20.087
45,bistro_exterior,temporal-resolution-multiplexing,level0,bistro_exterior_temporal-resolution-multiplexing_level0.mp4,bistro_exterior_reference.mp4,10.020466804504395,8.801137924194336,9.667614936828613,19.589
46,bistro_exterior,temporal-resolution-multiplexing,level1,bistro_exterior_temporal-resolution-multiplexing_level1.mp4,bistro_exterior_reference.mp4,9.561293601989746,11.275185585021973,9.5814790725708,19.498
47,bistro_exterior,temporal-resolution-multiplexing,level2,bistro_exterior_temporal-resolution-multiplexing_level2.mp4,bistro_exterior_reference.mp4,6.836386680603027,22.694442749023438,9.197750091552734,19.492
48,bistro_interior,dlss_rr,level1,bistro_interior_dlss_rr_level1.mp4,bistro_interior_reference.mp4,7.892155647277832,117.55543518066406,6.295103549957275,20.028
49,bistro_interior,dlss_rr,level2,bistro_interior_dlss_rr_level2.mp4,bistro_interior_reference.mp4,7.573237895965576,132.9133758544922,5.846826076507568,19.502
50,bistro_interior,judder,level0,bistro_interior_judder_level0.mp4,bistro_interior_reference.mp4,9.11855411529541,16.71409797668457,9.396407127380371,19.503
51,bistro_interior,judder,level1,bistro_interior_judder_level1.mp4,bistro_interior_reference.mp4,9.297966003417969,22.394128799438477,9.207630157470703,20.003
52,bistro_interior,judder,level2,bistro_interior_judder_level2.mp4,bistro_interior_reference.mp4,8.43520450592041,58.250484466552734,8.0719575881958,19.482
53,bistro_interior,motion_noise,level0,bistro_interior_motion_noise_level0.mp4,bistro_interior_reference.mp4,9.926251411437988,1.3825281858444214,9.940587043762207,19.458
54,bistro_interior,motion_noise,level1,bistro_interior_motion_noise_level1.mp4,bistro_interior_reference.mp4,9.992980003356934,2.1152336597442627,9.911757469177246,19.469
55,bistro_interior,motion_noise,level2,bistro_interior_motion_noise_level2.mp4,bistro_interior_reference.mp4,9.763964653015137,9.650662422180176,9.63786792755127,19.466
56,bistro_interior,motion_resolution,level0,bistro_interior_motion_resolution_level0.mp4,bistro_interior_reference.mp4,8.297430038452148,53.93252182006836,8.205256462097168,19.481
57,bistro_interior,motion_resolution,level1,bistro_interior_motion_resolution_level1.mp4,bistro_interior_reference.mp4,6.705636024475098,115.14310455322266,6.365875720977783,19.464
58,bistro_interior,motion_resolution,level2,bistro_interior_motion_resolution_level2.mp4,bistro_interior_reference.mp4,6.277298927307129,164.76864624023438,4.928065299987793,20.148
59,bistro_interior,noise_colors,level0,bistro_interior_noise_colors_level0.mp4,bistro_interior_reference.mp4,10.052797317504883,1.9234741926193237,9.91922378540039,19.468
60,bistro_interior,noise_colors,level1,bistro_interior_noise_colors_level1.mp4,bistro_interior_reference.mp4,9.196077346801758,7.849117755889893,9.701190948486328,19.562
61,bistro_interior,noise_colors,level2,bistro_interior_noise_colors_level2.mp4,bistro_interior_reference.mp4,7.844995021820068,26.649843215942383,9.068431854248047,19.457
62,bistro_interior,dlss_rr,level0,bistro_interior_dlss_rr_level0.mp4,bistro_interior_reference.mp4,8.423187255859375,110.6915512084961,6.4967474937438965,19.518
63,bistro_interior,restir,level0,bistro_interior_restir_level0.mp4,bistro_interior_reference.mp4,7.4136576652526855,25.218271255493164,9.115069389343262,19.808
64,bistro_interior,restir,level1,bistro_interior_restir_level1.mp4,bistro_interior_reference.mp4,6.731760025024414,81.87702178955078,7.353579044342041,19.511
65,bistro_interior,restir,level2,bistro_interior_restir_level2.mp4,bistro_interior_reference.mp4,6.2883172035217285,105.89173889160156,6.638270378112793,19.475
66,bistro_interior,stutter,level0,bistro_interior_stutter_level0.mp4,bistro_interior_reference.mp4,9.496872901916504,5.02101993560791,9.802800178527832,19.504
67,bistro_interior,stutter,level1,bistro_interior_stutter_level1.mp4,bistro_interior_reference.mp4,9.483354568481445,23.51695442199707,9.170737266540527,19.472
68,bistro_interior,stutter,level2,bistro_interior_stutter_level2.mp4,bistro_interior_reference.mp4,8.251554489135742,72.98564147949219,7.62196159362793,19.504
69,bistro_interior,temporal-resolution-multiplexing,level0,bistro_interior_temporal-resolution-multiplexing_level0.mp4,bistro_interior_reference.mp4,9.905073165893555,13.933341979980469,9.490396499633789,20.092
70,bistro_interior,temporal-resolution-multiplexing,level1,bistro_interior_temporal-resolution-multiplexing_level1.mp4,bistro_interior_reference.mp4,10.124296188354492,17.357059478759766,9.374836921691895,19.526
71,bistro_interior,temporal-resolution-multiplexing,level2,bistro_interior_temporal-resolution-multiplexing_level2.mp4,bistro_interior_reference.mp4,9.077127456665039,25.311439514160156,9.112029075622559,19.495
72,classroom,dlss_rr,level1,classroom_dlss_rr_level1.mp4,classroom_reference.mp4,8.568354606628418,15.814386367797852,9.426688194274902,19.487
73,classroom,dlss_rr,level2,classroom_dlss_rr_level2.mp4,classroom_reference.mp4,8.775147438049316,29.544023513793945,8.9746675491333,19.515
74,classroom,judder,level0,classroom_judder_level0.mp4,classroom_reference.mp4,9.521880149841309,13.559650421142578,9.503122329711914,19.501
75,classroom,judder,level1,classroom_judder_level1.mp4,classroom_reference.mp4,9.65721607208252,17.13101577758789,9.382413864135742,19.484
76,classroom,judder,level2,classroom_judder_level2.mp4,classroom_reference.mp4,8.858760833740234,42.955482482910156,8.547659873962402,19.483
77,classroom,motion_noise,level0,classroom_motion_noise_level0.mp4,classroom_reference.mp4,9.548311233520508,3.2390332221984863,9.86883544921875,19.493
78,classroom,motion_noise,level1,classroom_motion_noise_level1.mp4,classroom_reference.mp4,9.188621520996094,5.1539177894592285,9.797948837280273,20.04
79,classroom,motion_noise,level2,classroom_motion_noise_level2.mp4,classroom_reference.mp4,8.074981689453125,8.781542778015137,9.668303489685059,19.477
80,classroom,motion_resolution,level0,classroom_motion_resolution_level0.mp4,classroom_reference.mp4,8.817511558532715,42.968509674072266,8.547249794006348,19.485
81,classroom,motion_resolution,level1,classroom_motion_resolution_level1.mp4,classroom_reference.mp4,6.830277919769287,61.34232711791992,7.976935863494873,19.521
82,classroom,motion_resolution,level2,classroom_motion_resolution_level2.mp4,classroom_reference.mp4,6.844277381896973,84.48684692382812,7.275197982788086,19.475
83,classroom,noise_colors,level0,classroom_noise_colors_level0.mp4,classroom_reference.mp4,10.163780212402344,2.1793785095214844,9.909271240234375,19.481
84,classroom,noise_colors,level1,classroom_noise_colors_level1.mp4,classroom_reference.mp4,8.457188606262207,8.819293022155762,9.666976928710938,19.485
85,classroom,noise_colors,level2,classroom_noise_colors_level2.mp4,classroom_reference.mp4,6.944812774658203,39.196781158447266,8.666245460510254,20.074
86,classroom,dlss_rr,level0,classroom_dlss_rr_level0.mp4,classroom_reference.mp4,8.41825008392334,11.907970428466797,9.559672355651855,19.481
87,classroom,restir,level0,classroom_restir_level0.mp4,classroom_reference.mp4,8.232278823852539,13.755746841430664,9.496440887451172,19.471
88,classroom,restir,level1,classroom_restir_level1.mp4,classroom_reference.mp4,6.696384906768799,21.30304527282715,9.243603706359863,19.471
89,classroom,restir,level2,classroom_restir_level2.mp4,classroom_reference.mp4,5.786097526550293,23.778043746948242,9.162177085876465,19.49
90,classroom,stutter,level0,classroom_stutter_level0.mp4,classroom_reference.mp4,10.005340576171875,6.772524833679199,9.739507675170898,19.95
91,classroom,stutter,level1,classroom_stutter_level1.mp4,classroom_reference.mp4,9.534163475036621,17.3035831451416,9.376628875732422,19.504
92,classroom,stutter,level2,classroom_stutter_level2.mp4,classroom_reference.mp4,8.527812957763672,53.632659912109375,8.214540481567383,19.478
93,classroom,temporal-resolution-multiplexing,level0,classroom_temporal-resolution-multiplexing_level0.mp4,classroom_reference.mp4,10.047673225402832,12.138548851013184,9.551746368408203,19.468
94,classroom,temporal-resolution-multiplexing,level1,classroom_temporal-resolution-multiplexing_level1.mp4,classroom_reference.mp4,9.07105827331543,12.482398986816406,9.539946556091309,19.5
95,classroom,temporal-resolution-multiplexing,level2,classroom_temporal-resolution-multiplexing_level2.mp4,classroom_reference.mp4,7.921570777893066,17.912694931030273,9.356241226196289,19.828
96,landscape,dlss_rr,level1,landscape_dlss_rr_level1.mp4,landscape_reference.mp4,9.23599624633789,62.552764892578125,7.9398274421691895,19.455
97,landscape,dlss_rr,level2,landscape_dlss_rr_level2.mp4,landscape_reference.mp4,8.232625961303711,95.77745056152344,6.937987327575684,19.471
98,landscape,judder,level0,landscape_judder_level0.mp4,landscape_reference.mp4,9.92424488067627,28.35196876525879,9.013205528259277,19.501
99,landscape,judder,level1,landscape_judder_level1.mp4,landscape_reference.mp4,9.550378799438477,42.52595138549805,8.561173439025879,19.453
100,landscape,judder,level2,landscape_judder_level2.mp4,landscape_reference.mp4,9.172983169555664,86.65564727783203,7.21019172668457,19.467
101,landscape,motion_noise,level0,landscape_motion_noise_level0.mp4,landscape_reference.mp4,10.41650390625,2.1445634365081787,9.910619735717773,19.48
102,landscape,motion_noise,level1,landscape_motion_noise_level1.mp4,landscape_reference.mp4,10.495133399963379,2.124394655227661,9.911401748657227,19.467
103,landscape,motion_noise,level2,landscape_motion_noise_level2.mp4,landscape_reference.mp4,10.079928398132324,2.1491358280181885,9.910442352294922,19.494
104,landscape,motion_resolution,level0,landscape_motion_resolution_level0.mp4,landscape_reference.mp4,9.229124069213867,25.234569549560547,9.114538192749023,19.486
105,landscape,motion_resolution,level1,landscape_motion_resolution_level1.mp4,landscape_reference.mp4,8.472028732299805,46.38925552368164,8.439958572387695,24.158
106,landscape,motion_resolution,level2,landscape_motion_resolution_level2.mp4,landscape_reference.mp4,7.515691757202148,76.6398696899414,7.511398792266846,20.191
107,landscape,noise_colors,level0,landscape_noise_colors_level0.mp4,landscape_reference.mp4,10.069109916687012,1.8732486963272095,9.921187400817871,19.561
108,landscape,noise_colors,level1,landscape_noise_colors_level1.mp4,landscape_reference.mp4,9.431836128234863,7.1388983726501465,9.726423263549805,19.485
109,landscape,noise_colors,level2,landscape_noise_colors_level2.mp4,landscape_reference.mp4,9.688335418701172,14.610078811645508,9.467411041259766,19.508
110,landscape,dlss_rr,level0,landscape_dlss_rr_level0.mp4,landscape_reference.mp4,10.150609016418457,46.701210021972656,8.43020248413086,19.509
111,landscape,restir,level0,landscape_restir_level0.mp4,landscape_reference.mp4,9.824402809143066,7.583526611328125,9.710607528686523,27.082
112,landscape,restir,level1,landscape_restir_level1.mp4,landscape_reference.mp4,10.081369400024414,8.320464134216309,9.684534072875977,19.486
113,landscape,restir,level2,landscape_restir_level2.mp4,landscape_reference.mp4,8.176383018493652,16.57036018371582,9.401236534118652,21.589
114,landscape,stutter,level0,landscape_stutter_level0.mp4,landscape_reference.mp4,10.59454345703125,21.503952026367188,9.236969947814941,20.007
115,landscape,stutter,level1,landscape_stutter_level1.mp4,landscape_reference.mp4,9.695664405822754,45.58649444580078,8.465085983276367,20.103
116,landscape,stutter,level2,landscape_stutter_level2.mp4,landscape_reference.mp4,7.896975517272949,103.49657440185547,6.7090582847595215,21.532
117,landscape,temporal-resolution-multiplexing,level0,landscape_temporal-resolution-multiplexing_level0.mp4,landscape_reference.mp4,10.127778053283691,19.45383644104004,9.30487060546875,27.511
118,landscape,temporal-resolution-multiplexing,level1,landscape_temporal-resolution-multiplexing_level1.mp4,landscape_reference.mp4,10.112491607666016,22.207576751708984,9.21377182006836,19.977
119,landscape,temporal-resolution-multiplexing,level2,landscape_temporal-resolution-multiplexing_level2.mp4,landscape_reference.mp4,8.850635528564453,25.04360008239746,9.120772361755371,24.956
120,marbles,dlss_rr,level1,marbles_dlss_rr_level1.mp4,marbles_reference.mp4,9.665116310119629,29.228355407714844,8.984862327575684,19.989
121,marbles,dlss_rr,level2,marbles_dlss_rr_level2.mp4,marbles_reference.mp4,9.632329940795898,40.38651657104492,8.62862777709961,19.494
122,marbles,judder,level0,marbles_judder_level0.mp4,marbles_reference.mp4,10.341865539550781,14.850333213806152,9.459268569946289,19.632
123,marbles,judder,level1,marbles_judder_level1.mp4,marbles_reference.mp4,10.076136589050293,20.00632095336914,9.286524772644043,20.009
124,marbles,judder,level2,marbles_judder_level2.mp4,marbles_reference.mp4,10.066701889038086,46.970401763916016,8.42178726196289,22.463
125,marbles,motion_noise,level0,marbles_motion_noise_level0.mp4,marbles_reference.mp4,10.456757545471191,2.0108988285064697,9.915813446044922,19.509
126,marbles,motion_noise,level1,marbles_motion_noise_level1.mp4,marbles_reference.mp4,10.442538261413574,2.7840986251831055,9.88606071472168,19.788
127,marbles,motion_noise,level2,marbles_motion_noise_level2.mp4,marbles_reference.mp4,10.372526168823242,4.454373359680176,9.823586463928223,19.517
128,marbles,motion_resolution,level0,marbles_motion_resolution_level0.mp4,marbles_reference.mp4,9.760602951049805,44.1561393737793,8.50993537902832,20.051
129,marbles,motion_resolution,level1,marbles_motion_resolution_level1.mp4,marbles_reference.mp4,9.010590553283691,69.07424926757812,7.740735054016113,19.819
130,marbles,motion_resolution,level2,marbles_motion_resolution_level2.mp4,marbles_reference.mp4,8.284574508666992,97.31718444824219,6.892223358154297,24.394
131,marbles,noise_colors,level0,marbles_noise_colors_level0.mp4,marbles_reference.mp4,10.248455047607422,2.287632465362549,9.905086517333984,19.607
132,marbles,noise_colors,level1,marbles_noise_colors_level1.mp4,marbles_reference.mp4,9.506831169128418,9.104734420776367,9.656962394714355,19.592
133,marbles,noise_colors,level2,marbles_noise_colors_level2.mp4,marbles_reference.mp4,8.756409645080566,22.700096130371094,9.197564125061035,19.983
134,marbles,dlss_rr,level0,marbles_dlss_rr_level0.mp4,marbles_reference.mp4,9.851088523864746,24.43744468688965,9.140584945678711,19.498
135,marbles,restir,level0,marbles_restir_level0.mp4,marbles_reference.mp4,9.70244312286377,11.199163436889648,9.584104537963867,27.524
136,marbles,restir,level1,marbles_restir_level1.mp4,marbles_reference.mp4,9.223849296569824,15.522381782531738,9.436541557312012,20.754
137,marbles,restir,level2,marbles_restir_level2.mp4,marbles_reference.mp4,8.167718887329102,21.423297882080078,9.239632606506348,19.832
138,marbles,stutter,level0,marbles_stutter_level0.mp4,marbles_reference.mp4,10.145820617675781,8.708313941955566,9.670877456665039,20.431
139,marbles,stutter,level1,marbles_stutter_level1.mp4,marbles_reference.mp4,10.488707542419434,20.440780639648438,9.272123336791992,19.691
140,marbles,stutter,level2,marbles_stutter_level2.mp4,marbles_reference.mp4,9.61553955078125,56.02437210083008,8.140589714050293,19.472
141,marbles,temporal-resolution-multiplexing,level0,marbles_temporal-resolution-multiplexing_level0.mp4,marbles_reference.mp4,10.30724048614502,12.827876091003418,9.52811336517334,19.63
142,marbles,temporal-resolution-multiplexing,level1,marbles_temporal-resolution-multiplexing_level1.mp4,marbles_reference.mp4,9.857827186584473,12.881828308105469,9.526267051696777,19.982
143,marbles,temporal-resolution-multiplexing,level2,marbles_temporal-resolution-multiplexing_level2.mp4,marbles_reference.mp4,9.197295188903809,18.36431121826172,9.341156959533691,21.252
144,pink_room,dlss_rr,level1,pink_room_dlss_rr_level1.mp4,pink_room_reference.mp4,8.075589179992676,29.410804748535156,8.97896957397461,19.497
145,pink_room,dlss_rr,level2,pink_room_dlss_rr_level2.mp4,pink_room_reference.mp4,7.22604513168335,45.02690505981445,8.482620239257812,22.721
146,pink_room,judder,level0,pink_room_judder_level0.mp4,pink_room_reference.mp4,9.451539993286133,7.241264343261719,9.722776412963867,19.476
147,pink_room,judder,level1,pink_room_judder_level1.mp4,pink_room_reference.mp4,9.6860933303833,10.413752555847168,9.61130428314209,19.753
148,pink_room,judder,level2,pink_room_judder_level2.mp4,pink_room_reference.mp4,9.016202926635742,25.417055130004883,9.108582496643066,19.5
149,pink_room,motion_noise,level0,pink_room_motion_noise_level0.mp4,pink_room_reference.mp4,9.783145904541016,2.454692840576172,9.89865493774414,19.63
150,pink_room,motion_noise,level1,pink_room_motion_noise_level1.mp4,pink_room_reference.mp4,9.704147338867188,2.9376416206359863,9.880226135253906,20.004
151,pink_room,motion_noise,level2,pink_room_motion_noise_level2.mp4,pink_room_reference.mp4,9.898611068725586,3.7489912509918213,9.849725723266602,19.678
152,pink_room,motion_resolution,level0,pink_room_motion_resolution_level0.mp4,pink_room_reference.mp4,9.476988792419434,38.506656646728516,8.688103675842285,19.506
153,pink_room,motion_resolution,level1,pink_room_motion_resolution_level1.mp4,pink_room_reference.mp4,8.49992847442627,59.5712776184082,8.031323432922363,21.211
154,pink_room,motion_resolution,level2,pink_room_motion_resolution_level2.mp4,pink_room_reference.mp4,8.217499732971191,80.26676940917969,7.402026176452637,19.544
155,pink_room,noise_colors,level0,pink_room_noise_colors_level0.mp4,pink_room_reference.mp4,10.1030855178833,3.595806837081909,9.855445861816406,20.401
156,pink_room,noise_colors,level1,pink_room_noise_colors_level1.mp4,pink_room_reference.mp4,8.570459365844727,14.123269081115723,9.48393726348877,20.189
157,pink_room,noise_colors,level2,pink_room_noise_colors_level2.mp4,pink_room_reference.mp4,8.79076099395752,12.196914672851562,9.549741744995117,19.832
158,pink_room,dlss_rr,level0,pink_room_dlss_rr_level0.mp4,pink_room_reference.mp4,8.651147842407227,21.148923873901367,9.248695373535156,19.536
159,pink_room,restir,level0,pink_room_restir_level0.mp4,pink_room_reference.mp4,8.072331428527832,8.947866439819336,9.662463188171387,22.7
160,pink_room,restir,level1,pink_room_restir_level1.mp4,pink_room_reference.mp4,7.571062088012695,11.914403915405273,9.55945110321045,20.48
161,pink_room,restir,level2,pink_room_restir_level2.mp4,pink_room_reference.mp4,6.543210506439209,18.369434356689453,9.340986251831055,20.294
162,pink_room,stutter,level0,pink_room_stutter_level0.mp4,pink_room_reference.mp4,9.874350547790527,4.391593933105469,9.82590103149414,19.582
163,pink_room,stutter,level1,pink_room_stutter_level1.mp4,pink_room_reference.mp4,9.280017852783203,10.975970268249512,9.591819763183594,19.562
164,pink_room,stutter,level2,pink_room_stutter_level2.mp4,pink_room_reference.mp4,8.855539321899414,30.15803337097168,8.954859733581543,19.543
165,pink_room,temporal-resolution-multiplexing,level0,pink_room_temporal-resolution-multiplexing_level0.mp4,pink_room_reference.mp4,9.658845901489258,8.107751846313477,9.692042350769043,25.11
166,pink_room,temporal-resolution-multiplexing,level1,pink_room_temporal-resolution-multiplexing_level1.mp4,pink_room_reference.mp4,9.61414909362793,8.547357559204102,9.676539421081543,19.761
167,pink_room,temporal-resolution-multiplexing,level2,pink_room_temporal-resolution-multiplexing_level2.mp4,pink_room_reference.mp4,9.162399291992188,15.374807357788086,9.441526412963867,22.153
168,subway,dlss_rr,level1,subway_dlss_rr_level1.mp4,subway_reference.mp4,9.46133041381836,94.53060913085938,6.975083351135254,25.311
169,subway,dlss_rr,level2,subway_dlss_rr_level2.mp4,subway_reference.mp4,8.938363075256348,117.34640502929688,6.30123233795166,20.341
170,subway,judder,level0,subway_judder_level0.mp4,subway_reference.mp4,10.310542106628418,22.934694290161133,9.189852714538574,19.979
171,subway,judder,level1,subway_judder_level1.mp4,subway_reference.mp4,10.828763961791992,26.789892196655273,9.063879013061523,19.724
172,subway,judder,level2,subway_judder_level2.mp4,subway_reference.mp4,10.111581802368164,57.000370025634766,8.11047649383545,19.514
173,subway,motion_noise,level0,subway_motion_noise_level0.mp4,subway_reference.mp4,10.200547218322754,9.727436065673828,9.635189056396484,20.529
174,subway,motion_noise,level1,subway_motion_noise_level1.mp4,subway_reference.mp4,10.587502479553223,12.601462364196777,9.535865783691406,19.904
175,subway,motion_noise,level2,subway_motion_noise_level2.mp4,subway_reference.mp4,9.960355758666992,21.77681541442871,9.227967262268066,19.732
176,subway,motion_resolution,level0,subway_motion_resolution_level0.mp4,subway_reference.mp4,10.262630462646484,34.02414321899414,8.83076286315918,19.625
177,subway,motion_resolution,level1,subway_motion_resolution_level1.mp4,subway_reference.mp4,9.446894645690918,43.337074279785156,8.535662651062012,24.593
178,subway,motion_resolution,level2,subway_motion_resolution_level2.mp4,subway_reference.mp4,9.316276550292969,59.238101959228516,8.0415678024292,19.69
179,subway,noise_colors,level0,subway_noise_colors_level0.mp4,subway_reference.mp4,10.515501976013184,2.029841184616089,9.91507625579834,22.828
180,subway,noise_colors,level1,subway_noise_colors_level1.mp4,subway_reference.mp4,10.298731803894043,7.354736328125,9.718737602233887,21.931
181,subway,noise_colors,level2,subway_noise_colors_level2.mp4,subway_reference.mp4,8.49770736694336,34.9635009765625,8.800764083862305,20.755
182,subway,dlss_rr,level0,subway_dlss_rr_level0.mp4,subway_reference.mp4,9.684860229492188,82.41535186767578,7.337397575378418,22.938
183,subway,restir,level0,subway_restir_level0.mp4,subway_reference.mp4,8.087791442871094,55.83953094482422,8.146297454833984,20.928
184,subway,restir,level1,subway_restir_level1.mp4,subway_reference.mp4,7.325218200683594,89.84669494628906,7.114749908447266,19.569
185,subway,restir,level2,subway_restir_level2.mp4,subway_reference.mp4,6.285699367523193,96.90060424804688,6.904599666595459,19.766
186,subway,stutter,level0,subway_stutter_level0.mp4,subway_reference.mp4,10.505824089050293,10.137393951416016,9.6209077835083,19.52
187,subway,stutter,level1,subway_stutter_level1.mp4,subway_reference.mp4,10.517632484436035,24.760074615478516,9.130035400390625,21.752
188,subway,stutter,level2,subway_stutter_level2.mp4,subway_reference.mp4,9.926628112792969,67.42321014404297,7.791009902954102,19.506
189,subway,temporal-resolution-multiplexing,level0,subway_temporal-resolution-multiplexing_level0.mp4,subway_reference.mp4,10.564431190490723,12.173598289489746,9.550541877746582,19.908
190,subway,temporal-resolution-multiplexing,level1,subway_temporal-resolution-multiplexing_level1.mp4,subway_reference.mp4,10.304455757141113,19.07944679260254,9.317322731018066,19.476
191,subway,temporal-resolution-multiplexing,level2,subway_temporal-resolution-multiplexing_level2.mp4,subway_reference.mp4,8.61158561706543,49.63380813598633,8.338704109191895,21.561
192,zeroday,dlss_rr,level1,zeroday_dlss_rr_level1.mp4,zeroday_reference.mp4,8.883030891418457,66.33809661865234,7.824098587036133,19.725
193,zeroday,dlss_rr,level2,zeroday_dlss_rr_level2.mp4,zeroday_reference.mp4,8.314395904541016,86.20804595947266,7.223598480224609,19.553
194,zeroday,judder,level0,zeroday_judder_level0.mp4,zeroday_reference.mp4,8.707032203674316,25.74952507019043,9.09774112701416,19.697
195,zeroday,judder,level1,zeroday_judder_level1.mp4,zeroday_reference.mp4,9.28867244720459,35.71881866455078,8.77668285369873,25.861
196,zeroday,judder,level2,zeroday_judder_level2.mp4,zeroday_reference.mp4,8.708283424377441,74.07373809814453,7.589000701904297,20.205
197,zeroday,motion_noise,level0,zeroday_motion_noise_level0.mp4,zeroday_reference.mp4,9.17988109588623,0.8656617999076843,9.961563110351562,22.778
198,zeroday,motion_noise,level1,zeroday_motion_noise_level1.mp4,zeroday_reference.mp4,9.509424209594727,1.2258799076080322,9.946874618530273,24.81
199,zeroday,motion_noise,level2,zeroday_motion_noise_level2.mp4,zeroday_reference.mp4,9.119205474853516,3.226876735687256,9.869293212890625,20.637
200,zeroday,motion_resolution,level0,zeroday_motion_resolution_level0.mp4,zeroday_reference.mp4,8.36581039428711,50.11178970336914,8.323826789855957,23.081
201,zeroday,motion_resolution,level1,zeroday_motion_resolution_level1.mp4,zeroday_reference.mp4,7.27821683883667,84.20394134521484,7.283686637878418,20.027
202,zeroday,motion_resolution,level2,zeroday_motion_resolution_level2.mp4,zeroday_reference.mp4,6.21541690826416,122.42391967773438,6.152580261230469,19.521
203,zeroday,noise_colors,level0,zeroday_noise_colors_level0.mp4,zeroday_reference.mp4,9.354537963867188,3.4600086212158203,9.860530853271484,19.57
204,zeroday,noise_colors,level1,zeroday_noise_colors_level1.mp4,zeroday_reference.mp4,8.605853080749512,12.736434936523438,9.531243324279785,19.998
205,zeroday,noise_colors,level2,zeroday_noise_colors_level2.mp4,zeroday_reference.mp4,9.84450912475586,14.915949821472168,9.457046508789062,22.724
206,zeroday,dlss_rr,level0,zeroday_dlss_rr_level0.mp4,zeroday_reference.mp4,9.452159881591797,57.38337326049805,8.098669052124023,19.511
207,zeroday,restir,level0,zeroday_restir_level0.mp4,zeroday_reference.mp4,9.2718505859375,41.61474609375,8.589873313903809,20.094
208,zeroday,restir,level1,zeroday_restir_level1.mp4,zeroday_reference.mp4,8.052854537963867,43.088523864746094,8.543476104736328,19.602
209,zeroday,restir,level2,zeroday_restir_level2.mp4,zeroday_reference.mp4,6.5571184158325195,49.09620666503906,8.355448722839355,20.368
210,zeroday,stutter,level0,zeroday_stutter_level0.mp4,zeroday_reference.mp4,9.269441604614258,18.893033981323242,9.323529243469238,19.529
211,zeroday,stutter,level1,zeroday_stutter_level1.mp4,zeroday_reference.mp4,8.894098281860352,36.995731353759766,8.736053466796875,19.995
212,zeroday,stutter,level2,zeroday_stutter_level2.mp4,zeroday_reference.mp4,8.855968475341797,89.47254943847656,7.125927925109863,19.57
213,zeroday,temporal-resolution-multiplexing,level0,zeroday_temporal-resolution-multiplexing_level0.mp4,zeroday_reference.mp4,9.278913497924805,11.014217376708984,9.590497016906738,20.368
214,zeroday,temporal-resolution-multiplexing,level1,zeroday_temporal-resolution-multiplexing_level1.mp4,zeroday_reference.mp4,8.643940925598145,14.297106742858887,9.478031158447266,21.262
215,zeroday,temporal-resolution-multiplexing,level2,zeroday_temporal-resolution-multiplexing_level2.mp4,zeroday_reference.mp4,6.825204372406006,25.52438735961914,9.105081558227539,21.087
